Code Domaine;Domaine;Code zone;Zone;Code Élément;Élément;Code Produit;Produit;Code année;Année;Unité;Valeur;Symbole;Description du Symbole
"FBS";"Nouveaux Bilans Alimentaire";"2";"Afghanistan";"5521";"Aliments pour animaux";"2520";"Céréales; Autres";"2017";"2017";"Milliers de tonnes";"0";"Im";"Données de la FAO basées sur une méthodologie d'imputation"
"FBS";"Nouveaux Bilans Alimentaire";"2";"Afghanistan";"5142";"Nourriture";"2520";"Céréales; Autres";"2017";"2017";"Milliers de tonnes";"0";"Im";"Données de la FAO basées sur une méthodologie d'imputation"
"FBS";"Nouveaux Bilans Alimentaire";"202";"Afrique du Sud";"5521";"Aliments pour animaux";"2520";"Céréales; Autres";"2017";"2017";"Milliers de tonnes";"11";"Im";"Données de la FAO basées sur une méthodologie d'imputation"
"FBS";"Nouveaux Bilans Alimentaire";"202";"Afrique du Sud";"5142";"Nourriture";"2520";"Céréales; Autres";"2017";"2017";"Milliers de tonnes";"42";"Im";"Données de la FAO basées sur une méthodologie d'imputation"
"FBS";"Nouveaux Bilans Alimentaire";"3";"Albanie";"5521";"Aliments pour animaux";"2520";"Céréales; Autres";"2017";"2017";"Milliers de tonnes";"0";"Im";"Données de la FAO basées sur une méthodologie d'imputation"
"FBS";"Nouveaux Bilans Alimentaire";"3";"Albanie";"5142";"Nourriture";"2520";"Céréales; Autres";"2017";"2017";"Milliers de tonnes";"0";"Im";"Données de la FAO basées sur une méthodologie d'imputation"
"FBS";"Nouveaux Bilans Alimentaire";"4";"Algérie";"5521";"Aliments pour animaux";"2520";"Céréales; Autres";"2017";"2017";"Milliers de tonnes";"4";"Im";"Données de la FAO basées sur une méthodologie d'imputation"
"FBS";"Nouveaux Bilans Alimentaire";"4";"Algérie";"5142";"Nourriture";"2520";"Céréales; Autres";"2017";"2017";"Milliers de tonnes";"2";"Im";"Données de la FAO basées sur une méthodologie d'imputation"
"FBS";"Nouveaux Bilans Alimentaire";"79";"Allemagne";"5521";"Aliments pour animaux";"2520";"Céréales; Autres";"2017";"2017";"Milliers de tonnes";"2304";"Im";"Données de la FAO basées sur une méthodologie d'imputation"
"FBS";"Nouveaux Bilans Alimentaire";"79";"Allemagne";"5142";"Nourriture";"2520";"Céréales; Autres";"2017";"2017";"Milliers de tonnes";"10";"Im";"Données de la FAO basées sur une méthodologie d'imputation"
"FBS";"Nouveaux Bilans Alimentaire";"7";"Angola";"5521";"Aliments pour animaux";"2520";"Céréales; Autres";"2017";"2017";"Milliers de tonnes";"0";"Im";"Données de la FAO basées sur une méthodologie d'imputation"
"FBS";"Nouveaux Bilans Alimentaire";"7";"Angola";"5142";"Nourriture";"2520";"Céréales; Autres";"2017";"2017";"Milliers de tonnes";"0";"Im";"Données de la FAO basées sur une méthodologie d'imputation"
"FBS";"Nouveaux Bilans Alimentaire";"8";"Antigua-et-Barbuda";"5521";"Aliments pour animaux";"2520";"Céréales; Autres";"2017";"2017";"Milliers de tonnes";"0";"Im";"Données de la FAO basées sur une méthodologie d'imputation"
"FBS";"Nouveaux Bilans Alimentaire";"8";"Antigua-et-Barbuda";"5142";"Nourriture";"2520";"Céréales; Autres";"2017";"2017";"Milliers de tonnes";"0";"Im";"Données de la FAO basées sur une méthodologie d'imputation"
"FBS";"Nouveaux Bilans Alimentaire";"194";"Arabie saoudite";"5521";"Aliments pour animaux";"2520";"Céréales; Autres";"2017";"2017";"Milliers de tonnes";"3";"Im";"Données de la FAO basées sur une méthodologie d'imputation"
"FBS";"Nouveaux Bilans Alimentaire";"194";"Arabie saoudite";"5142";"Nourriture";"2520";"Céréales; Autres";"2017";"2017";"Milliers de tonnes";"51";"Im";"Données de la FAO basées sur une méthodologie d'imputation"
"FBS";"Nouveaux Bilans Alimentaire";"9";"Argentine";"5521";"Aliments pour animaux";"2520";"Céréales; Autres";"2017";"2017";"Milliers de tonnes";"12";"Im";"Données de la FAO basées sur une méthodologie d'imputation"
"FBS";"Nouveaux Bilans Alimentaire";"9";"Argentine";"5142";"Nourriture";"2520";"Céréales; Autres";"2017";"2017";"Milliers de tonnes";"32";"Im";"Données de la FAO basées sur une méthodologie d'imputation"
"FBS";"Nouveaux Bilans Alimentaire";"1";"Arménie";"5521";"Aliments pour animaux";"2520";"Céréales; Autres";"2017";"2017";"Milliers de tonnes";"1";"Im";"Données de la FAO basées sur une méthodologie d'imputation"
"FBS";"Nouveaux Bilans Alimentaire";"1";"Arménie";"5142";"Nourriture";"2520";"Céréales; Autres";"2017";"2017";"Milliers de tonnes";"8";"Im";"Données de la FAO basées sur une méthodologie d'imputation"
"FBS";"Nouveaux Bilans Alimentaire";"10";"Australie";"5521";"Aliments pour animaux";"2520";"Céréales; Autres";"2017";"2017";"Milliers de tonnes";"141";"Im";"Données de la FAO basées sur une méthodologie d'imputation"
"FBS";"Nouveaux Bilans Alimentaire";"10";"Australie";"5142";"Nourriture";"2520";"Céréales; Autres";"2017";"2017";"Milliers de tonnes";"27";"Im";"Données de la FAO basées sur une méthodologie d'imputation"
"FBS";"Nouveaux Bilans Alimentaire";"11";"Autriche";"5521";"Aliments pour animaux";"2520";"Céréales; Autres";"2017";"2017";"Milliers de tonnes";"308";"Im";"Données de la FAO basées sur une méthodologie d'imputation"
"FBS";"Nouveaux Bilans Alimentaire";"11";"Autriche";"5142";"Nourriture";"2520";"Céréales; Autres";"2017";"2017";"Milliers de tonnes";"17";"Im";"Données de la FAO basées sur une méthodologie d'imputation"
"FBS";"Nouveaux Bilans Alimentaire";"52";"Azerbaïdjan";"5521";"Aliments pour animaux";"2520";"Céréales; Autres";"2017";"2017";"Milliers de tonnes";"0";"Im";"Données de la FAO basées sur une méthodologie d'imputation"
"FBS";"Nouveaux Bilans Alimentaire";"52";"Azerbaïdjan";"5142";"Nourriture";"2520";"Céréales; Autres";"2017";"2017";"Milliers de tonnes";"6";"Im";"Données de la FAO basées sur une méthodologie d'imputation"
"FBS";"Nouveaux Bilans Alimentaire";"12";"Bahamas";"5521";"Aliments pour animaux";"2520";"Céréales; Autres";"2017";"2017";"Milliers de tonnes";"0";"Im";"Données de la FAO basées sur une méthodologie d'imputation"
"FBS";"Nouveaux Bilans Alimentaire";"12";"Bahamas";"5142";"Nourriture";"2520";"Céréales; Autres";"2017";"2017";"Milliers de tonnes";"1";"Im";"Données de la FAO basées sur une méthodologie d'imputation"
"FBS";"Nouveaux Bilans Alimentaire";"16";"Bangladesh";"5521";"Aliments pour animaux";"2520";"Céréales; Autres";"2017";"2017";"Milliers de tonnes";"0";"Im";"Données de la FAO basées sur une méthodologie d'imputation"
"FBS";"Nouveaux Bilans Alimentaire";"16";"Bangladesh";"5142";"Nourriture";"2520";"Céréales; Autres";"2017";"2017";"Milliers de tonnes";"0";"Im";"Données de la FAO basées sur une méthodologie d'imputation"
"FBS";"Nouveaux Bilans Alimentaire";"14";"Barbade";"5521";"Aliments pour animaux";"2520";"Céréales; Autres";"2017";"2017";"Milliers de tonnes";"0";"Im";"Données de la FAO basées sur une méthodologie d'imputation"
"FBS";"Nouveaux Bilans Alimentaire";"14";"Barbade";"5142";"Nourriture";"2520";"Céréales; Autres";"2017";"2017";"Milliers de tonnes";"0";"Im";"Données de la FAO basées sur une méthodologie d'imputation"
"FBS";"Nouveaux Bilans Alimentaire";"57";"Bélarus";"5521";"Aliments pour animaux";"2520";"Céréales; Autres";"2017";"2017";"Milliers de tonnes";"1447";"Im";"Données de la FAO basées sur une méthodologie d'imputation"
"FBS";"Nouveaux Bilans Alimentaire";"57";"Bélarus";"5142";"Nourriture";"2520";"Céréales; Autres";"2017";"2017";"Milliers de tonnes";"30";"Im";"Données de la FAO basées sur une méthodologie d'imputation"
"FBS";"Nouveaux Bilans Alimentaire";"255";"Belgique";"5521";"Aliments pour animaux";"2520";"Céréales; Autres";"2017";"2017";"Milliers de tonnes";"75";"Im";"Données de la FAO basées sur une méthodologie d'imputation"
"FBS";"Nouveaux Bilans Alimentaire";"255";"Belgique";"5142";"Nourriture";"2520";"Céréales; Autres";"2017";"2017";"Milliers de tonnes";"1";"Im";"Données de la FAO basées sur une méthodologie d'imputation"
"FBS";"Nouveaux Bilans Alimentaire";"23";"Belize";"5521";"Aliments pour animaux";"2520";"Céréales; Autres";"2017";"2017";"Milliers de tonnes";"0";"Im";"Données de la FAO basées sur une méthodologie d'imputation"
"FBS";"Nouveaux Bilans Alimentaire";"23";"Belize";"5142";"Nourriture";"2520";"Céréales; Autres";"2017";"2017";"Milliers de tonnes";"0";"Im";"Données de la FAO basées sur une méthodologie d'imputation"
"FBS";"Nouveaux Bilans Alimentaire";"53";"Bénin";"5521";"Aliments pour animaux";"2520";"Céréales; Autres";"2017";"2017";"Milliers de tonnes";"0";"Im";"Données de la FAO basées sur une méthodologie d'imputation"
"FBS";"Nouveaux Bilans Alimentaire";"53";"Bénin";"5142";"Nourriture";"2520";"Céréales; Autres";"2017";"2017";"Milliers de tonnes";"9";"Im";"Données de la FAO basées sur une méthodologie d'imputation"
"FBS";"Nouveaux Bilans Alimentaire";"19";"Bolivie (État plurinational de)";"5521";"Aliments pour animaux";"2520";"Céréales; Autres";"2017";"2017";"Milliers de tonnes";"1";"Im";"Données de la FAO basées sur une méthodologie d'imputation"
"FBS";"Nouveaux Bilans Alimentaire";"19";"Bolivie (État plurinational de)";"5142";"Nourriture";"2520";"Céréales; Autres";"2017";"2017";"Milliers de tonnes";"31";"Im";"Données de la FAO basées sur une méthodologie d'imputation"
"FBS";"Nouveaux Bilans Alimentaire";"80";"Bosnie-Herzégovine";"5521";"Aliments pour animaux";"2520";"Céréales; Autres";"2017";"2017";"Milliers de tonnes";"50";"Im";"Données de la FAO basées sur une méthodologie d'imputation"
"FBS";"Nouveaux Bilans Alimentaire";"80";"Bosnie-Herzégovine";"5142";"Nourriture";"2520";"Céréales; Autres";"2017";"2017";"Milliers de tonnes";"2";"Im";"Données de la FAO basées sur une méthodologie d'imputation"
"FBS";"Nouveaux Bilans Alimentaire";"20";"Botswana";"5521";"Aliments pour animaux";"2520";"Céréales; Autres";"2017";"2017";"Milliers de tonnes";"0";"Im";"Données de la FAO basées sur une méthodologie d'imputation"
"FBS";"Nouveaux Bilans Alimentaire";"20";"Botswana";"5142";"Nourriture";"2520";"Céréales; Autres";"2017";"2017";"Milliers de tonnes";"7";"Im";"Données de la FAO basées sur une méthodologie d'imputation"
"FBS";"Nouveaux Bilans Alimentaire";"21";"Brésil";"5521";"Aliments pour animaux";"2520";"Céréales; Autres";"2017";"2017";"Milliers de tonnes";"31";"Im";"Données de la FAO basées sur une méthodologie d'imputation"
"FBS";"Nouveaux Bilans Alimentaire";"21";"Brésil";"5142";"Nourriture";"2520";"Céréales; Autres";"2017";"2017";"Milliers de tonnes";"93";"Im";"Données de la FAO basées sur une méthodologie d'imputation"
"FBS";"Nouveaux Bilans Alimentaire";"27";"Bulgarie";"5521";"Aliments pour animaux";"2520";"Céréales; Autres";"2017";"2017";"Milliers de tonnes";"127";"Im";"Données de la FAO basées sur une méthodologie d'imputation"
"FBS";"Nouveaux Bilans Alimentaire";"27";"Bulgarie";"5142";"Nourriture";"2520";"Céréales; Autres";"2017";"2017";"Milliers de tonnes";"1";"Im";"Données de la FAO basées sur une méthodologie d'imputation"
"FBS";"Nouveaux Bilans Alimentaire";"233";"Burkina Faso";"5521";"Aliments pour animaux";"2520";"Céréales; Autres";"2017";"2017";"Milliers de tonnes";"0";"Im";"Données de la FAO basées sur une méthodologie d'imputation"
"FBS";"Nouveaux Bilans Alimentaire";"233";"Burkina Faso";"5142";"Nourriture";"2520";"Céréales; Autres";"2017";"2017";"Milliers de tonnes";"9";"Im";"Données de la FAO basées sur une méthodologie d'imputation"
"FBS";"Nouveaux Bilans Alimentaire";"35";"Cabo Verde";"5521";"Aliments pour animaux";"2520";"Céréales; Autres";"2017";"2017";"Milliers de tonnes";"0";"Im";"Données de la FAO basées sur une méthodologie d'imputation"
"FBS";"Nouveaux Bilans Alimentaire";"35";"Cabo Verde";"5142";"Nourriture";"2520";"Céréales; Autres";"2017";"2017";"Milliers de tonnes";"1";"Im";"Données de la FAO basées sur une méthodologie d'imputation"
"FBS";"Nouveaux Bilans Alimentaire";"115";"Cambodge";"5521";"Aliments pour animaux";"2520";"Céréales; Autres";"2017";"2017";"Milliers de tonnes";"0";"Im";"Données de la FAO basées sur une méthodologie d'imputation"
"FBS";"Nouveaux Bilans Alimentaire";"115";"Cambodge";"5142";"Nourriture";"2520";"Céréales; Autres";"2017";"2017";"Milliers de tonnes";"0";"Im";"Données de la FAO basées sur une méthodologie d'imputation"
"FBS";"Nouveaux Bilans Alimentaire";"32";"Cameroun";"5142";"Nourriture";"2520";"Céréales; Autres";"2017";"2017";"Milliers de tonnes";"0";"Im";"Données de la FAO basées sur une méthodologie d'imputation"
"FBS";"Nouveaux Bilans Alimentaire";"33";"Canada";"5521";"Aliments pour animaux";"2520";"Céréales; Autres";"2017";"2017";"Milliers de tonnes";"32";"Im";"Données de la FAO basées sur une méthodologie d'imputation"
"FBS";"Nouveaux Bilans Alimentaire";"33";"Canada";"5142";"Nourriture";"2520";"Céréales; Autres";"2017";"2017";"Milliers de tonnes";"18";"Im";"Données de la FAO basées sur une méthodologie d'imputation"
"FBS";"Nouveaux Bilans Alimentaire";"40";"Chili";"5521";"Aliments pour animaux";"2520";"Céréales; Autres";"2017";"2017";"Milliers de tonnes";"116";"Im";"Données de la FAO basées sur une méthodologie d'imputation"
"FBS";"Nouveaux Bilans Alimentaire";"40";"Chili";"5142";"Nourriture";"2520";"Céréales; Autres";"2017";"2017";"Milliers de tonnes";"16";"Im";"Données de la FAO basées sur une méthodologie d'imputation"
"FBS";"Nouveaux Bilans Alimentaire";"351";"Chine";"5521";"Aliments pour animaux";"2520";"Céréales; Autres";"2017";"2017";"Milliers de tonnes";"1311";"A";"Agrégat; peut inclure des données officielles; semi-officielles; estimées ou calculées"
"FBS";"Nouveaux Bilans Alimentaire";"351";"Chine";"5142";"Nourriture";"2520";"Céréales; Autres";"2017";"2017";"Milliers de tonnes";"835";"A";"Agrégat; peut inclure des données officielles; semi-officielles; estimées ou calculées"
"FBS";"Nouveaux Bilans Alimentaire";"96";"Chine - RAS de Hong-Kong";"5521";"Aliments pour animaux";"2520";"Céréales; Autres";"2017";"2017";"Milliers de tonnes";"0";"Im";"Données de la FAO basées sur une méthodologie d'imputation"
"FBS";"Nouveaux Bilans Alimentaire";"96";"Chine - RAS de Hong-Kong";"5142";"Nourriture";"2520";"Céréales; Autres";"2017";"2017";"Milliers de tonnes";"17";"Im";"Données de la FAO basées sur une méthodologie d'imputation"
"FBS";"Nouveaux Bilans Alimentaire";"128";"Chine - RAS de Macao";"5521";"Aliments pour animaux";"2520";"Céréales; Autres";"2017";"2017";"Milliers de tonnes";"0";"Im";"Données de la FAO basées sur une méthodologie d'imputation"
"FBS";"Nouveaux Bilans Alimentaire";"128";"Chine - RAS de Macao";"5142";"Nourriture";"2520";"Céréales; Autres";"2017";"2017";"Milliers de tonnes";"1";"Im";"Données de la FAO basées sur une méthodologie d'imputation"
"FBS";"Nouveaux Bilans Alimentaire";"41";"Chine; continentale";"5521";"Aliments pour animaux";"2520";"Céréales; Autres";"2017";"2017";"Milliers de tonnes";"1310";"Im";"Données de la FAO basées sur une méthodologie d'imputation"
"FBS";"Nouveaux Bilans Alimentaire";"41";"Chine; continentale";"5142";"Nourriture";"2520";"Céréales; Autres";"2017";"2017";"Milliers de tonnes";"803";"Im";"Données de la FAO basées sur une méthodologie d'imputation"
"FBS";"Nouveaux Bilans Alimentaire";"214";"Chine; Taiwan Province de";"5521";"Aliments pour animaux";"2520";"Céréales; Autres";"2017";"2017";"Milliers de tonnes";"1";"Im";"Données de la FAO basées sur une méthodologie d'imputation"
"FBS";"Nouveaux Bilans Alimentaire";"214";"Chine; Taiwan Province de";"5142";"Nourriture";"2520";"Céréales; Autres";"2017";"2017";"Milliers de tonnes";"14";"Im";"Données de la FAO basées sur une méthodologie d'imputation"
"FBS";"Nouveaux Bilans Alimentaire";"50";"Chypre";"5521";"Aliments pour animaux";"2520";"Céréales; Autres";"2017";"2017";"Milliers de tonnes";"1";"Im";"Données de la FAO basées sur une méthodologie d'imputation"
"FBS";"Nouveaux Bilans Alimentaire";"50";"Chypre";"5142";"Nourriture";"2520";"Céréales; Autres";"2017";"2017";"Milliers de tonnes";"1";"Im";"Données de la FAO basées sur une méthodologie d'imputation"
"FBS";"Nouveaux Bilans Alimentaire";"44";"Colombie";"5521";"Aliments pour animaux";"2520";"Céréales; Autres";"2017";"2017";"Milliers de tonnes";"13";"Im";"Données de la FAO basées sur une méthodologie d'imputation"
"FBS";"Nouveaux Bilans Alimentaire";"44";"Colombie";"5142";"Nourriture";"2520";"Céréales; Autres";"2017";"2017";"Milliers de tonnes";"0";"Im";"Données de la FAO basées sur une méthodologie d'imputation"
"FBS";"Nouveaux Bilans Alimentaire";"46";"Congo";"5521";"Aliments pour animaux";"2520";"Céréales; Autres";"2017";"2017";"Milliers de tonnes";"3";"Im";"Données de la FAO basées sur une méthodologie d'imputation"
"FBS";"Nouveaux Bilans Alimentaire";"46";"Congo";"5142";"Nourriture";"2520";"Céréales; Autres";"2017";"2017";"Milliers de tonnes";"0";"Im";"Données de la FAO basées sur une méthodologie d'imputation"
"FBS";"Nouveaux Bilans Alimentaire";"48";"Costa Rica";"5521";"Aliments pour animaux";"2520";"Céréales; Autres";"2017";"2017";"Milliers de tonnes";"1";"Im";"Données de la FAO basées sur une méthodologie d'imputation"
"FBS";"Nouveaux Bilans Alimentaire";"48";"Costa Rica";"5142";"Nourriture";"2520";"Céréales; Autres";"2017";"2017";"Milliers de tonnes";"0";"Im";"Données de la FAO basées sur une méthodologie d'imputation"
"FBS";"Nouveaux Bilans Alimentaire";"107";"Côte d'Ivoire";"5521";"Aliments pour animaux";"2520";"Céréales; Autres";"2017";"2017";"Milliers de tonnes";"12";"Im";"Données de la FAO basées sur une méthodologie d'imputation"
"FBS";"Nouveaux Bilans Alimentaire";"107";"Côte d'Ivoire";"5142";"Nourriture";"2520";"Céréales; Autres";"2017";"2017";"Milliers de tonnes";"23";"Im";"Données de la FAO basées sur une méthodologie d'imputation"
"FBS";"Nouveaux Bilans Alimentaire";"98";"Croatie";"5521";"Aliments pour animaux";"2520";"Céréales; Autres";"2017";"2017";"Milliers de tonnes";"70";"Im";"Données de la FAO basées sur une méthodologie d'imputation"
"FBS";"Nouveaux Bilans Alimentaire";"98";"Croatie";"5142";"Nourriture";"2520";"Céréales; Autres";"2017";"2017";"Milliers de tonnes";"3";"Im";"Données de la FAO basées sur une méthodologie d'imputation"
"FBS";"Nouveaux Bilans Alimentaire";"49";"Cuba";"5521";"Aliments pour animaux";"2520";"Céréales; Autres";"2017";"2017";"Milliers de tonnes";"0";"Im";"Données de la FAO basées sur une méthodologie d'imputation"
"FBS";"Nouveaux Bilans Alimentaire";"49";"Cuba";"5142";"Nourriture";"2520";"Céréales; Autres";"2017";"2017";"Milliers de tonnes";"0";"Im";"Données de la FAO basées sur une méthodologie d'imputation"
"FBS";"Nouveaux Bilans Alimentaire";"54";"Danemark";"5521";"Aliments pour animaux";"2520";"Céréales; Autres";"2017";"2017";"Milliers de tonnes";"79";"Im";"Données de la FAO basées sur une méthodologie d'imputation"
"FBS";"Nouveaux Bilans Alimentaire";"54";"Danemark";"5142";"Nourriture";"2520";"Céréales; Autres";"2017";"2017";"Milliers de tonnes";"0";"Im";"Données de la FAO basées sur une méthodologie d'imputation"
"FBS";"Nouveaux Bilans Alimentaire";"72";"Djibouti";"5142";"Nourriture";"2520";"Céréales; Autres";"2017";"2017";"Milliers de tonnes";"0";"Im";"Données de la FAO basées sur une méthodologie d'imputation"
"FBS";"Nouveaux Bilans Alimentaire";"55";"Dominique";"5521";"Aliments pour animaux";"2520";"Céréales; Autres";"2017";"2017";"Milliers de tonnes";"0";"Im";"Données de la FAO basées sur une méthodologie d'imputation"
"FBS";"Nouveaux Bilans Alimentaire";"55";"Dominique";"5142";"Nourriture";"2520";"Céréales; Autres";"2017";"2017";"Milliers de tonnes";"0";"Im";"Données de la FAO basées sur une méthodologie d'imputation"
"FBS";"Nouveaux Bilans Alimentaire";"59";"Égypte";"5521";"Aliments pour animaux";"2520";"Céréales; Autres";"2017";"2017";"Milliers de tonnes";"2";"Im";"Données de la FAO basées sur une méthodologie d'imputation"
"FBS";"Nouveaux Bilans Alimentaire";"59";"Égypte";"5142";"Nourriture";"2520";"Céréales; Autres";"2017";"2017";"Milliers de tonnes";"0";"Im";"Données de la FAO basées sur une méthodologie d'imputation"
"FBS";"Nouveaux Bilans Alimentaire";"60";"El Salvador";"5521";"Aliments pour animaux";"2520";"Céréales; Autres";"2017";"2017";"Milliers de tonnes";"0";"Im";"Données de la FAO basées sur une méthodologie d'imputation"
"FBS";"Nouveaux Bilans Alimentaire";"60";"El Salvador";"5142";"Nourriture";"2520";"Céréales; Autres";"2017";"2017";"Milliers de tonnes";"1";"Im";"Données de la FAO basées sur une méthodologie d'imputation"
"FBS";"Nouveaux Bilans Alimentaire";"225";"Émirats arabes unis";"5521";"Aliments pour animaux";"2520";"Céréales; Autres";"2017";"2017";"Milliers de tonnes";"133";"Im";"Données de la FAO basées sur une méthodologie d'imputation"
"FBS";"Nouveaux Bilans Alimentaire";"225";"Émirats arabes unis";"5142";"Nourriture";"2520";"Céréales; Autres";"2017";"2017";"Milliers de tonnes";"0";"Im";"Données de la FAO basées sur une méthodologie d'imputation"
"FBS";"Nouveaux Bilans Alimentaire";"58";"Équateur";"5521";"Aliments pour animaux";"2520";"Céréales; Autres";"2017";"2017";"Milliers de tonnes";"1";"Im";"Données de la FAO basées sur une méthodologie d'imputation"
"FBS";"Nouveaux Bilans Alimentaire";"58";"Équateur";"5142";"Nourriture";"2520";"Céréales; Autres";"2017";"2017";"Milliers de tonnes";"1";"Im";"Données de la FAO basées sur une méthodologie d'imputation"
"FBS";"Nouveaux Bilans Alimentaire";"203";"Espagne";"5521";"Aliments pour animaux";"2520";"Céréales; Autres";"2017";"2017";"Milliers de tonnes";"516";"Im";"Données de la FAO basées sur une méthodologie d'imputation"
"FBS";"Nouveaux Bilans Alimentaire";"203";"Espagne";"5142";"Nourriture";"2520";"Céréales; Autres";"2017";"2017";"Milliers de tonnes";"5";"Im";"Données de la FAO basées sur une méthodologie d'imputation"
"FBS";"Nouveaux Bilans Alimentaire";"63";"Estonie";"5521";"Aliments pour animaux";"2520";"Céréales; Autres";"2017";"2017";"Milliers de tonnes";"26";"Im";"Données de la FAO basées sur une méthodologie d'imputation"
"FBS";"Nouveaux Bilans Alimentaire";"63";"Estonie";"5142";"Nourriture";"2520";"Céréales; Autres";"2017";"2017";"Milliers de tonnes";"2";"Im";"Données de la FAO basées sur une méthodologie d'imputation"
"FBS";"Nouveaux Bilans Alimentaire";"209";"Eswatini";"5521";"Aliments pour animaux";"2520";"Céréales; Autres";"2017";"2017";"Milliers de tonnes";"0";"Im";"Données de la FAO basées sur une méthodologie d'imputation"
"FBS";"Nouveaux Bilans Alimentaire";"209";"Eswatini";"5142";"Nourriture";"2520";"Céréales; Autres";"2017";"2017";"Milliers de tonnes";"1";"Im";"Données de la FAO basées sur une méthodologie d'imputation"
"FBS";"Nouveaux Bilans Alimentaire";"231";"États-Unis d'Amérique";"5521";"Aliments pour animaux";"2520";"Céréales; Autres";"2017";"2017";"Milliers de tonnes";"68";"Im";"Données de la FAO basées sur une méthodologie d'imputation"
"FBS";"Nouveaux Bilans Alimentaire";"231";"États-Unis d'Amérique";"5142";"Nourriture";"2520";"Céréales; Autres";"2017";"2017";"Milliers de tonnes";"245";"Im";"Données de la FAO basées sur une méthodologie d'imputation"
"FBS";"Nouveaux Bilans Alimentaire";"238";"Éthiopie";"5521";"Aliments pour animaux";"2520";"Céréales; Autres";"2017";"2017";"Milliers de tonnes";"97";"Im";"Données de la FAO basées sur une méthodologie d'imputation"
"FBS";"Nouveaux Bilans Alimentaire";"238";"Éthiopie";"5142";"Nourriture";"2520";"Céréales; Autres";"2017";"2017";"Milliers de tonnes";"3816";"Im";"Données de la FAO basées sur une méthodologie d'imputation"
"FBS";"Nouveaux Bilans Alimentaire";"185";"Fédération de Russie";"5521";"Aliments pour animaux";"2520";"Céréales; Autres";"2017";"2017";"Milliers de tonnes";"1801";"Im";"Données de la FAO basées sur une méthodologie d'imputation"
"FBS";"Nouveaux Bilans Alimentaire";"185";"Fédération de Russie";"5142";"Nourriture";"2520";"Céréales; Autres";"2017";"2017";"Milliers de tonnes";"21";"Im";"Données de la FAO basées sur une méthodologie d'imputation"
"FBS";"Nouveaux Bilans Alimentaire";"66";"Fidji";"5521";"Aliments pour animaux";"2520";"Céréales; Autres";"2017";"2017";"Milliers de tonnes";"0";"Im";"Données de la FAO basées sur une méthodologie d'imputation"
"FBS";"Nouveaux Bilans Alimentaire";"66";"Fidji";"5142";"Nourriture";"2520";"Céréales; Autres";"2017";"2017";"Milliers de tonnes";"0";"Im";"Données de la FAO basées sur une méthodologie d'imputation"
"FBS";"Nouveaux Bilans Alimentaire";"67";"Finlande";"5521";"Aliments pour animaux";"2520";"Céréales; Autres";"2017";"2017";"Milliers de tonnes";"12";"Im";"Données de la FAO basées sur une méthodologie d'imputation"
"FBS";"Nouveaux Bilans Alimentaire";"67";"Finlande";"5142";"Nourriture";"2520";"Céréales; Autres";"2017";"2017";"Milliers de tonnes";"6";"Im";"Données de la FAO basées sur une méthodologie d'imputation"
"FBS";"Nouveaux Bilans Alimentaire";"68";"France";"5521";"Aliments pour animaux";"2520";"Céréales; Autres";"2017";"2017";"Milliers de tonnes";"2161";"Im";"Données de la FAO basées sur une méthodologie d'imputation"
"FBS";"Nouveaux Bilans Alimentaire";"68";"France";"5142";"Nourriture";"2520";"Céréales; Autres";"2017";"2017";"Milliers de tonnes";"11";"Im";"Données de la FAO basées sur une méthodologie d'imputation"
"FBS";"Nouveaux Bilans Alimentaire";"74";"Gabon";"5521";"Aliments pour animaux";"2520";"Céréales; Autres";"2017";"2017";"Milliers de tonnes";"0";"Im";"Données de la FAO basées sur une méthodologie d'imputation"
"FBS";"Nouveaux Bilans Alimentaire";"74";"Gabon";"5142";"Nourriture";"2520";"Céréales; Autres";"2017";"2017";"Milliers de tonnes";"0";"Im";"Données de la FAO basées sur une méthodologie d'imputation"
"FBS";"Nouveaux Bilans Alimentaire";"75";"Gambie";"5521";"Aliments pour animaux";"2520";"Céréales; Autres";"2017";"2017";"Milliers de tonnes";"0";"Im";"Données de la FAO basées sur une méthodologie d'imputation"
"FBS";"Nouveaux Bilans Alimentaire";"75";"Gambie";"5142";"Nourriture";"2520";"Céréales; Autres";"2017";"2017";"Milliers de tonnes";"1";"Im";"Données de la FAO basées sur une méthodologie d'imputation"
"FBS";"Nouveaux Bilans Alimentaire";"73";"Géorgie";"5521";"Aliments pour animaux";"2520";"Céréales; Autres";"2017";"2017";"Milliers de tonnes";"0";"Im";"Données de la FAO basées sur une méthodologie d'imputation"
"FBS";"Nouveaux Bilans Alimentaire";"73";"Géorgie";"5142";"Nourriture";"2520";"Céréales; Autres";"2017";"2017";"Milliers de tonnes";"16";"Im";"Données de la FAO basées sur une méthodologie d'imputation"
"FBS";"Nouveaux Bilans Alimentaire";"81";"Ghana";"5521";"Aliments pour animaux";"2520";"Céréales; Autres";"2017";"2017";"Milliers de tonnes";"24";"Im";"Données de la FAO basées sur une méthodologie d'imputation"
"FBS";"Nouveaux Bilans Alimentaire";"81";"Ghana";"5142";"Nourriture";"2520";"Céréales; Autres";"2017";"2017";"Milliers de tonnes";"5";"Im";"Données de la FAO basées sur une méthodologie d'imputation"
"FBS";"Nouveaux Bilans Alimentaire";"84";"Grèce";"5521";"Aliments pour animaux";"2520";"Céréales; Autres";"2017";"2017";"Milliers de tonnes";"116";"Im";"Données de la FAO basées sur une méthodologie d'imputation"
"FBS";"Nouveaux Bilans Alimentaire";"84";"Grèce";"5142";"Nourriture";"2520";"Céréales; Autres";"2017";"2017";"Milliers de tonnes";"11";"Im";"Données de la FAO basées sur une méthodologie d'imputation"
"FBS";"Nouveaux Bilans Alimentaire";"86";"Grenade";"5142";"Nourriture";"2520";"Céréales; Autres";"2017";"2017";"Milliers de tonnes";"0";"Im";"Données de la FAO basées sur une méthodologie d'imputation"
"FBS";"Nouveaux Bilans Alimentaire";"89";"Guatemala";"5521";"Aliments pour animaux";"2520";"Céréales; Autres";"2017";"2017";"Milliers de tonnes";"1";"Im";"Données de la FAO basées sur une méthodologie d'imputation"
"FBS";"Nouveaux Bilans Alimentaire";"89";"Guatemala";"5142";"Nourriture";"2520";"Céréales; Autres";"2017";"2017";"Milliers de tonnes";"0";"Im";"Données de la FAO basées sur une méthodologie d'imputation"
"FBS";"Nouveaux Bilans Alimentaire";"90";"Guinée";"5521";"Aliments pour animaux";"2520";"Céréales; Autres";"2017";"2017";"Milliers de tonnes";"49";"Im";"Données de la FAO basées sur une méthodologie d'imputation"
"FBS";"Nouveaux Bilans Alimentaire";"90";"Guinée";"5142";"Nourriture";"2520";"Céréales; Autres";"2017";"2017";"Milliers de tonnes";"127";"Im";"Données de la FAO basées sur une méthodologie d'imputation"
"FBS";"Nouveaux Bilans Alimentaire";"175";"Guinée-Bissau";"5521";"Aliments pour animaux";"2520";"Céréales; Autres";"2017";"2017";"Milliers de tonnes";"0";"Im";"Données de la FAO basées sur une méthodologie d'imputation"
"FBS";"Nouveaux Bilans Alimentaire";"175";"Guinée-Bissau";"5142";"Nourriture";"2520";"Céréales; Autres";"2017";"2017";"Milliers de tonnes";"5";"Im";"Données de la FAO basées sur une méthodologie d'imputation"
"FBS";"Nouveaux Bilans Alimentaire";"91";"Guyana";"5521";"Aliments pour animaux";"2520";"Céréales; Autres";"2017";"2017";"Milliers de tonnes";"0";"Im";"Données de la FAO basées sur une méthodologie d'imputation"
"FBS";"Nouveaux Bilans Alimentaire";"91";"Guyana";"5142";"Nourriture";"2520";"Céréales; Autres";"2017";"2017";"Milliers de tonnes";"0";"Im";"Données de la FAO basées sur une méthodologie d'imputation"
"FBS";"Nouveaux Bilans Alimentaire";"93";"Haïti";"5521";"Aliments pour animaux";"2520";"Céréales; Autres";"2017";"2017";"Milliers de tonnes";"0";"Im";"Données de la FAO basées sur une méthodologie d'imputation"
"FBS";"Nouveaux Bilans Alimentaire";"93";"Haïti";"5142";"Nourriture";"2520";"Céréales; Autres";"2017";"2017";"Milliers de tonnes";"0";"Im";"Données de la FAO basées sur une méthodologie d'imputation"
"FBS";"Nouveaux Bilans Alimentaire";"95";"Honduras";"5521";"Aliments pour animaux";"2520";"Céréales; Autres";"2017";"2017";"Milliers de tonnes";"0";"Im";"Données de la FAO basées sur une méthodologie d'imputation"
"FBS";"Nouveaux Bilans Alimentaire";"95";"Honduras";"5142";"Nourriture";"2520";"Céréales; Autres";"2017";"2017";"Milliers de tonnes";"5";"Im";"Données de la FAO basées sur une méthodologie d'imputation"
"FBS";"Nouveaux Bilans Alimentaire";"97";"Hongrie";"5521";"Aliments pour animaux";"2520";"Céréales; Autres";"2017";"2017";"Milliers de tonnes";"374";"Im";"Données de la FAO basées sur une méthodologie d'imputation"
"FBS";"Nouveaux Bilans Alimentaire";"97";"Hongrie";"5142";"Nourriture";"2520";"Céréales; Autres";"2017";"2017";"Milliers de tonnes";"8";"Im";"Données de la FAO basées sur une méthodologie d'imputation"
"FBS";"Nouveaux Bilans Alimentaire";"25";"Îles Salomon";"5521";"Aliments pour animaux";"2520";"Céréales; Autres";"2017";"2017";"Milliers de tonnes";"0";"Im";"Données de la FAO basées sur une méthodologie d'imputation"
"FBS";"Nouveaux Bilans Alimentaire";"25";"Îles Salomon";"5142";"Nourriture";"2520";"Céréales; Autres";"2017";"2017";"Milliers de tonnes";"0";"Im";"Données de la FAO basées sur une méthodologie d'imputation"
"FBS";"Nouveaux Bilans Alimentaire";"100";"Inde";"5521";"Aliments pour animaux";"2520";"Céréales; Autres";"2017";"2017";"Milliers de tonnes";"0";"Im";"Données de la FAO basées sur une méthodologie d'imputation"
"FBS";"Nouveaux Bilans Alimentaire";"100";"Inde";"5142";"Nourriture";"2520";"Céréales; Autres";"2017";"2017";"Milliers de tonnes";"4";"Im";"Données de la FAO basées sur une méthodologie d'imputation"
"FBS";"Nouveaux Bilans Alimentaire";"101";"Indonésie";"5521";"Aliments pour animaux";"2520";"Céréales; Autres";"2017";"2017";"Milliers de tonnes";"9";"Im";"Données de la FAO basées sur une méthodologie d'imputation"
"FBS";"Nouveaux Bilans Alimentaire";"101";"Indonésie";"5142";"Nourriture";"2520";"Céréales; Autres";"2017";"2017";"Milliers de tonnes";"58";"Im";"Données de la FAO basées sur une méthodologie d'imputation"
"FBS";"Nouveaux Bilans Alimentaire";"102";"Iran (République islamique d')";"5521";"Aliments pour animaux";"2520";"Céréales; Autres";"2017";"2017";"Milliers de tonnes";"1";"Im";"Données de la FAO basées sur une méthodologie d'imputation"
"FBS";"Nouveaux Bilans Alimentaire";"102";"Iran (République islamique d')";"5142";"Nourriture";"2520";"Céréales; Autres";"2017";"2017";"Milliers de tonnes";"0";"Im";"Données de la FAO basées sur une méthodologie d'imputation"
"FBS";"Nouveaux Bilans Alimentaire";"103";"Iraq";"5521";"Aliments pour animaux";"2520";"Céréales; Autres";"2017";"2017";"Milliers de tonnes";"0";"Im";"Données de la FAO basées sur une méthodologie d'imputation"
"FBS";"Nouveaux Bilans Alimentaire";"103";"Iraq";"5142";"Nourriture";"2520";"Céréales; Autres";"2017";"2017";"Milliers de tonnes";"0";"Im";"Données de la FAO basées sur une méthodologie d'imputation"
"FBS";"Nouveaux Bilans Alimentaire";"104";"Irlande";"5521";"Aliments pour animaux";"2520";"Céréales; Autres";"2017";"2017";"Milliers de tonnes";"40";"Im";"Données de la FAO basées sur une méthodologie d'imputation"
"FBS";"Nouveaux Bilans Alimentaire";"104";"Irlande";"5142";"Nourriture";"2520";"Céréales; Autres";"2017";"2017";"Milliers de tonnes";"6";"Im";"Données de la FAO basées sur une méthodologie d'imputation"
"FBS";"Nouveaux Bilans Alimentaire";"99";"Islande";"5521";"Aliments pour animaux";"2520";"Céréales; Autres";"2017";"2017";"Milliers de tonnes";"1";"Im";"Données de la FAO basées sur une méthodologie d'imputation"
"FBS";"Nouveaux Bilans Alimentaire";"99";"Islande";"5142";"Nourriture";"2520";"Céréales; Autres";"2017";"2017";"Milliers de tonnes";"0";"Im";"Données de la FAO basées sur une méthodologie d'imputation"
"FBS";"Nouveaux Bilans Alimentaire";"105";"Israël";"5521";"Aliments pour animaux";"2520";"Céréales; Autres";"2017";"2017";"Milliers de tonnes";"12";"Im";"Données de la FAO basées sur une méthodologie d'imputation"
"FBS";"Nouveaux Bilans Alimentaire";"105";"Israël";"5142";"Nourriture";"2520";"Céréales; Autres";"2017";"2017";"Milliers de tonnes";"1";"Im";"Données de la FAO basées sur une méthodologie d'imputation"
"FBS";"Nouveaux Bilans Alimentaire";"106";"Italie";"5521";"Aliments pour animaux";"2520";"Céréales; Autres";"2017";"2017";"Milliers de tonnes";"185";"Im";"Données de la FAO basées sur une méthodologie d'imputation"
"FBS";"Nouveaux Bilans Alimentaire";"106";"Italie";"5142";"Nourriture";"2520";"Céréales; Autres";"2017";"2017";"Milliers de tonnes";"125";"Im";"Données de la FAO basées sur une méthodologie d'imputation"
"FBS";"Nouveaux Bilans Alimentaire";"109";"Jamaïque";"5521";"Aliments pour animaux";"2520";"Céréales; Autres";"2017";"2017";"Milliers de tonnes";"0";"Im";"Données de la FAO basées sur une méthodologie d'imputation"
"FBS";"Nouveaux Bilans Alimentaire";"109";"Jamaïque";"5142";"Nourriture";"2520";"Céréales; Autres";"2017";"2017";"Milliers de tonnes";"0";"Im";"Données de la FAO basées sur une méthodologie d'imputation"
"FBS";"Nouveaux Bilans Alimentaire";"110";"Japon";"5521";"Aliments pour animaux";"2520";"Céréales; Autres";"2017";"2017";"Milliers de tonnes";"9";"Im";"Données de la FAO basées sur une méthodologie d'imputation"
"FBS";"Nouveaux Bilans Alimentaire";"110";"Japon";"5142";"Nourriture";"2520";"Céréales; Autres";"2017";"2017";"Milliers de tonnes";"115";"Im";"Données de la FAO basées sur une méthodologie d'imputation"
"FBS";"Nouveaux Bilans Alimentaire";"112";"Jordanie";"5521";"Aliments pour animaux";"2520";"Céréales; Autres";"2017";"2017";"Milliers de tonnes";"1";"Im";"Données de la FAO basées sur une méthodologie d'imputation"
"FBS";"Nouveaux Bilans Alimentaire";"112";"Jordanie";"5142";"Nourriture";"2520";"Céréales; Autres";"2017";"2017";"Milliers de tonnes";"0";"Im";"Données de la FAO basées sur une méthodologie d'imputation"
"FBS";"Nouveaux Bilans Alimentaire";"108";"Kazakhstan";"5521";"Aliments pour animaux";"2520";"Céréales; Autres";"2017";"2017";"Milliers de tonnes";"242";"Im";"Données de la FAO basées sur une méthodologie d'imputation"
"FBS";"Nouveaux Bilans Alimentaire";"108";"Kazakhstan";"5142";"Nourriture";"2520";"Céréales; Autres";"2017";"2017";"Milliers de tonnes";"28";"Im";"Données de la FAO basées sur une méthodologie d'imputation"
"FBS";"Nouveaux Bilans Alimentaire";"114";"Kenya";"5521";"Aliments pour animaux";"2520";"Céréales; Autres";"2017";"2017";"Milliers de tonnes";"0";"Im";"Données de la FAO basées sur une méthodologie d'imputation"
"FBS";"Nouveaux Bilans Alimentaire";"114";"Kenya";"5142";"Nourriture";"2520";"Céréales; Autres";"2017";"2017";"Milliers de tonnes";"0";"Im";"Données de la FAO basées sur une méthodologie d'imputation"
"FBS";"Nouveaux Bilans Alimentaire";"113";"Kirghizistan";"5521";"Aliments pour animaux";"2520";"Céréales; Autres";"2017";"2017";"Milliers de tonnes";"4";"Im";"Données de la FAO basées sur une méthodologie d'imputation"
"FBS";"Nouveaux Bilans Alimentaire";"113";"Kirghizistan";"5142";"Nourriture";"2520";"Céréales; Autres";"2017";"2017";"Milliers de tonnes";"7";"Im";"Données de la FAO basées sur une méthodologie d'imputation"
"FBS";"Nouveaux Bilans Alimentaire";"83";"Kiribati";"5521";"Aliments pour animaux";"2520";"Céréales; Autres";"2017";"2017";"Milliers de tonnes";"0";"Im";"Données de la FAO basées sur une méthodologie d'imputation"
"FBS";"Nouveaux Bilans Alimentaire";"83";"Kiribati";"5142";"Nourriture";"2520";"Céréales; Autres";"2017";"2017";"Milliers de tonnes";"0";"Im";"Données de la FAO basées sur une méthodologie d'imputation"
"FBS";"Nouveaux Bilans Alimentaire";"118";"Koweït";"5521";"Aliments pour animaux";"2520";"Céréales; Autres";"2017";"2017";"Milliers de tonnes";"3";"Im";"Données de la FAO basées sur une méthodologie d'imputation"
"FBS";"Nouveaux Bilans Alimentaire";"118";"Koweït";"5142";"Nourriture";"2520";"Céréales; Autres";"2017";"2017";"Milliers de tonnes";"1";"Im";"Données de la FAO basées sur une méthodologie d'imputation"
"FBS";"Nouveaux Bilans Alimentaire";"122";"Lesotho";"5521";"Aliments pour animaux";"2520";"Céréales; Autres";"2017";"2017";"Milliers de tonnes";"0";"Im";"Données de la FAO basées sur une méthodologie d'imputation"
"FBS";"Nouveaux Bilans Alimentaire";"122";"Lesotho";"5142";"Nourriture";"2520";"Céréales; Autres";"2017";"2017";"Milliers de tonnes";"7";"Im";"Données de la FAO basées sur une méthodologie d'imputation"
"FBS";"Nouveaux Bilans Alimentaire";"119";"Lettonie";"5521";"Aliments pour animaux";"2520";"Céréales; Autres";"2017";"2017";"Milliers de tonnes";"35";"Im";"Données de la FAO basées sur une méthodologie d'imputation"
"FBS";"Nouveaux Bilans Alimentaire";"119";"Lettonie";"5142";"Nourriture";"2520";"Céréales; Autres";"2017";"2017";"Milliers de tonnes";"9";"Im";"Données de la FAO basées sur une méthodologie d'imputation"
"FBS";"Nouveaux Bilans Alimentaire";"121";"Liban";"5521";"Aliments pour animaux";"2520";"Céréales; Autres";"2017";"2017";"Milliers de tonnes";"2";"Im";"Données de la FAO basées sur une méthodologie d'imputation"
"FBS";"Nouveaux Bilans Alimentaire";"121";"Liban";"5142";"Nourriture";"2520";"Céréales; Autres";"2017";"2017";"Milliers de tonnes";"2";"Im";"Données de la FAO basées sur une méthodologie d'imputation"
"FBS";"Nouveaux Bilans Alimentaire";"123";"Libéria";"5521";"Aliments pour animaux";"2520";"Céréales; Autres";"2017";"2017";"Milliers de tonnes";"0";"Im";"Données de la FAO basées sur une méthodologie d'imputation"
"FBS";"Nouveaux Bilans Alimentaire";"123";"Libéria";"5142";"Nourriture";"2520";"Céréales; Autres";"2017";"2017";"Milliers de tonnes";"0";"Im";"Données de la FAO basées sur une méthodologie d'imputation"
"FBS";"Nouveaux Bilans Alimentaire";"126";"Lituanie";"5521";"Aliments pour animaux";"2520";"Céréales; Autres";"2017";"2017";"Milliers de tonnes";"209";"Im";"Données de la FAO basées sur une méthodologie d'imputation"
"FBS";"Nouveaux Bilans Alimentaire";"126";"Lituanie";"5142";"Nourriture";"2520";"Céréales; Autres";"2017";"2017";"Milliers de tonnes";"2";"Im";"Données de la FAO basées sur une méthodologie d'imputation"
"FBS";"Nouveaux Bilans Alimentaire";"256";"Luxembourg";"5521";"Aliments pour animaux";"2520";"Céréales; Autres";"2017";"2017";"Milliers de tonnes";"20";"Im";"Données de la FAO basées sur une méthodologie d'imputation"
"FBS";"Nouveaux Bilans Alimentaire";"256";"Luxembourg";"5142";"Nourriture";"2520";"Céréales; Autres";"2017";"2017";"Milliers de tonnes";"1";"Im";"Données de la FAO basées sur une méthodologie d'imputation"
"FBS";"Nouveaux Bilans Alimentaire";"154";"Macédoine du Nord";"5521";"Aliments pour animaux";"2520";"Céréales; Autres";"2017";"2017";"Milliers de tonnes";"0";"Im";"Données de la FAO basées sur une méthodologie d'imputation"
"FBS";"Nouveaux Bilans Alimentaire";"154";"Macédoine du Nord";"5142";"Nourriture";"2520";"Céréales; Autres";"2017";"2017";"Milliers de tonnes";"0";"Im";"Données de la FAO basées sur une méthodologie d'imputation"
"FBS";"Nouveaux Bilans Alimentaire";"129";"Madagascar";"5142";"Nourriture";"2520";"Céréales; Autres";"2017";"2017";"Milliers de tonnes";"0";"Im";"Données de la FAO basées sur une méthodologie d'imputation"
"FBS";"Nouveaux Bilans Alimentaire";"131";"Malaisie";"5521";"Aliments pour animaux";"2520";"Céréales; Autres";"2017";"2017";"Milliers de tonnes";"1";"Im";"Données de la FAO basées sur une méthodologie d'imputation"
"FBS";"Nouveaux Bilans Alimentaire";"131";"Malaisie";"5142";"Nourriture";"2520";"Céréales; Autres";"2017";"2017";"Milliers de tonnes";"28";"Im";"Données de la FAO basées sur une méthodologie d'imputation"
"FBS";"Nouveaux Bilans Alimentaire";"130";"Malawi";"5521";"Aliments pour animaux";"2520";"Céréales; Autres";"2017";"2017";"Milliers de tonnes";"0";"Im";"Données de la FAO basées sur une méthodologie d'imputation"
"FBS";"Nouveaux Bilans Alimentaire";"130";"Malawi";"5142";"Nourriture";"2520";"Céréales; Autres";"2017";"2017";"Milliers de tonnes";"2";"Im";"Données de la FAO basées sur une méthodologie d'imputation"
"FBS";"Nouveaux Bilans Alimentaire";"132";"Maldives";"5521";"Aliments pour animaux";"2520";"Céréales; Autres";"2017";"2017";"Milliers de tonnes";"0";"Im";"Données de la FAO basées sur une méthodologie d'imputation"
"FBS";"Nouveaux Bilans Alimentaire";"132";"Maldives";"5142";"Nourriture";"2520";"Céréales; Autres";"2017";"2017";"Milliers de tonnes";"0";"Im";"Données de la FAO basées sur une méthodologie d'imputation"
"FBS";"Nouveaux Bilans Alimentaire";"133";"Mali";"5521";"Aliments pour animaux";"2520";"Céréales; Autres";"2017";"2017";"Milliers de tonnes";"1";"Im";"Données de la FAO basées sur une méthodologie d'imputation"
"FBS";"Nouveaux Bilans Alimentaire";"133";"Mali";"5142";"Nourriture";"2520";"Céréales; Autres";"2017";"2017";"Milliers de tonnes";"17";"Im";"Données de la FAO basées sur une méthodologie d'imputation"
"FBS";"Nouveaux Bilans Alimentaire";"134";"Malte";"5521";"Aliments pour animaux";"2520";"Céréales; Autres";"2017";"2017";"Milliers de tonnes";"1";"Im";"Données de la FAO basées sur une méthodologie d'imputation"
"FBS";"Nouveaux Bilans Alimentaire";"134";"Malte";"5142";"Nourriture";"2520";"Céréales; Autres";"2017";"2017";"Milliers de tonnes";"0";"Im";"Données de la FAO basées sur une méthodologie d'imputation"
"FBS";"Nouveaux Bilans Alimentaire";"143";"Maroc";"5521";"Aliments pour animaux";"2520";"Céréales; Autres";"2017";"2017";"Milliers de tonnes";"3";"Im";"Données de la FAO basées sur une méthodologie d'imputation"
"FBS";"Nouveaux Bilans Alimentaire";"143";"Maroc";"5142";"Nourriture";"2520";"Céréales; Autres";"2017";"2017";"Milliers de tonnes";"0";"Im";"Données de la FAO basées sur une méthodologie d'imputation"
"FBS";"Nouveaux Bilans Alimentaire";"137";"Maurice";"5521";"Aliments pour animaux";"2520";"Céréales; Autres";"2017";"2017";"Milliers de tonnes";"0";"Im";"Données de la FAO basées sur une méthodologie d'imputation"
"FBS";"Nouveaux Bilans Alimentaire";"137";"Maurice";"5142";"Nourriture";"2520";"Céréales; Autres";"2017";"2017";"Milliers de tonnes";"0";"Im";"Données de la FAO basées sur une méthodologie d'imputation"
"FBS";"Nouveaux Bilans Alimentaire";"136";"Mauritanie";"5521";"Aliments pour animaux";"2520";"Céréales; Autres";"2017";"2017";"Milliers de tonnes";"0";"Im";"Données de la FAO basées sur une méthodologie d'imputation"
"FBS";"Nouveaux Bilans Alimentaire";"136";"Mauritanie";"5142";"Nourriture";"2520";"Céréales; Autres";"2017";"2017";"Milliers de tonnes";"3";"Im";"Données de la FAO basées sur une méthodologie d'imputation"
"FBS";"Nouveaux Bilans Alimentaire";"138";"Mexique";"5521";"Aliments pour animaux";"2520";"Céréales; Autres";"2017";"2017";"Milliers de tonnes";"59";"Im";"Données de la FAO basées sur une méthodologie d'imputation"
"FBS";"Nouveaux Bilans Alimentaire";"138";"Mexique";"5142";"Nourriture";"2520";"Céréales; Autres";"2017";"2017";"Milliers de tonnes";"0";"Im";"Données de la FAO basées sur une méthodologie d'imputation"
"FBS";"Nouveaux Bilans Alimentaire";"141";"Mongolie";"5521";"Aliments pour animaux";"2520";"Céréales; Autres";"2017";"2017";"Milliers de tonnes";"1";"Im";"Données de la FAO basées sur une méthodologie d'imputation"
"FBS";"Nouveaux Bilans Alimentaire";"141";"Mongolie";"5142";"Nourriture";"2520";"Céréales; Autres";"2017";"2017";"Milliers de tonnes";"5";"Im";"Données de la FAO basées sur une méthodologie d'imputation"
"FBS";"Nouveaux Bilans Alimentaire";"273";"Monténégro";"5521";"Aliments pour animaux";"2520";"Céréales; Autres";"2017";"2017";"Milliers de tonnes";"0";"Im";"Données de la FAO basées sur une méthodologie d'imputation"
"FBS";"Nouveaux Bilans Alimentaire";"273";"Monténégro";"5142";"Nourriture";"2520";"Céréales; Autres";"2017";"2017";"Milliers de tonnes";"3";"Im";"Données de la FAO basées sur une méthodologie d'imputation"
"FBS";"Nouveaux Bilans Alimentaire";"144";"Mozambique";"5521";"Aliments pour animaux";"2520";"Céréales; Autres";"2017";"2017";"Milliers de tonnes";"0";"Im";"Données de la FAO basées sur une méthodologie d'imputation"
"FBS";"Nouveaux Bilans Alimentaire";"144";"Mozambique";"5142";"Nourriture";"2520";"Céréales; Autres";"2017";"2017";"Milliers de tonnes";"0";"Im";"Données de la FAO basées sur une méthodologie d'imputation"
"FBS";"Nouveaux Bilans Alimentaire";"28";"Myanmar";"5521";"Aliments pour animaux";"2520";"Céréales; Autres";"2017";"2017";"Milliers de tonnes";"0";"Im";"Données de la FAO basées sur une méthodologie d'imputation"
"FBS";"Nouveaux Bilans Alimentaire";"28";"Myanmar";"5142";"Nourriture";"2520";"Céréales; Autres";"2017";"2017";"Milliers de tonnes";"11";"Im";"Données de la FAO basées sur une méthodologie d'imputation"
"FBS";"Nouveaux Bilans Alimentaire";"147";"Namibie";"5521";"Aliments pour animaux";"2520";"Céréales; Autres";"2017";"2017";"Milliers de tonnes";"0";"Im";"Données de la FAO basées sur une méthodologie d'imputation"
"FBS";"Nouveaux Bilans Alimentaire";"147";"Namibie";"5142";"Nourriture";"2520";"Céréales; Autres";"2017";"2017";"Milliers de tonnes";"1";"Im";"Données de la FAO basées sur une méthodologie d'imputation"
"FBS";"Nouveaux Bilans Alimentaire";"149";"Népal";"5521";"Aliments pour animaux";"2520";"Céréales; Autres";"2017";"2017";"Milliers de tonnes";"1";"Im";"Données de la FAO basées sur une méthodologie d'imputation"
"FBS";"Nouveaux Bilans Alimentaire";"149";"Népal";"5142";"Nourriture";"2520";"Céréales; Autres";"2017";"2017";"Milliers de tonnes";"10";"Im";"Données de la FAO basées sur une méthodologie d'imputation"
"FBS";"Nouveaux Bilans Alimentaire";"157";"Nicaragua";"5521";"Aliments pour animaux";"2520";"Céréales; Autres";"2017";"2017";"Milliers de tonnes";"0";"Im";"Données de la FAO basées sur une méthodologie d'imputation"
"FBS";"Nouveaux Bilans Alimentaire";"157";"Nicaragua";"5142";"Nourriture";"2520";"Céréales; Autres";"2017";"2017";"Milliers de tonnes";"4";"Im";"Données de la FAO basées sur une méthodologie d'imputation"
"FBS";"Nouveaux Bilans Alimentaire";"158";"Niger";"5521";"Aliments pour animaux";"2520";"Céréales; Autres";"2017";"2017";"Milliers de tonnes";"0";"Im";"Données de la FAO basées sur une méthodologie d'imputation"
"FBS";"Nouveaux Bilans Alimentaire";"158";"Niger";"5142";"Nourriture";"2520";"Céréales; Autres";"2017";"2017";"Milliers de tonnes";"7";"Im";"Données de la FAO basées sur une méthodologie d'imputation"
"FBS";"Nouveaux Bilans Alimentaire";"159";"Nigéria";"5521";"Aliments pour animaux";"2520";"Céréales; Autres";"2017";"2017";"Milliers de tonnes";"2";"Im";"Données de la FAO basées sur une méthodologie d'imputation"
"FBS";"Nouveaux Bilans Alimentaire";"159";"Nigéria";"5142";"Nourriture";"2520";"Céréales; Autres";"2017";"2017";"Milliers de tonnes";"68";"Im";"Données de la FAO basées sur une méthodologie d'imputation"
"FBS";"Nouveaux Bilans Alimentaire";"162";"Norvège";"5521";"Aliments pour animaux";"2520";"Céréales; Autres";"2017";"2017";"Milliers de tonnes";"2";"Im";"Données de la FAO basées sur une méthodologie d'imputation"
"FBS";"Nouveaux Bilans Alimentaire";"162";"Norvège";"5142";"Nourriture";"2520";"Céréales; Autres";"2017";"2017";"Milliers de tonnes";"0";"Im";"Données de la FAO basées sur une méthodologie d'imputation"
"FBS";"Nouveaux Bilans Alimentaire";"153";"Nouvelle-Calédonie";"5521";"Aliments pour animaux";"2520";"Céréales; Autres";"2017";"2017";"Milliers de tonnes";"0";"Im";"Données de la FAO basées sur une méthodologie d'imputation"
"FBS";"Nouveaux Bilans Alimentaire";"153";"Nouvelle-Calédonie";"5142";"Nourriture";"2520";"Céréales; Autres";"2017";"2017";"Milliers de tonnes";"0";"Im";"Données de la FAO basées sur une méthodologie d'imputation"
"FBS";"Nouveaux Bilans Alimentaire";"156";"Nouvelle-Zélande";"5521";"Aliments pour animaux";"2520";"Céréales; Autres";"2017";"2017";"Milliers de tonnes";"0";"Im";"Données de la FAO basées sur une méthodologie d'imputation"
"FBS";"Nouveaux Bilans Alimentaire";"156";"Nouvelle-Zélande";"5142";"Nourriture";"2520";"Céréales; Autres";"2017";"2017";"Milliers de tonnes";"18";"Im";"Données de la FAO basées sur une méthodologie d'imputation"
"FBS";"Nouveaux Bilans Alimentaire";"221";"Oman";"5521";"Aliments pour animaux";"2520";"Céréales; Autres";"2017";"2017";"Milliers de tonnes";"1";"Im";"Données de la FAO basées sur une méthodologie d'imputation"
"FBS";"Nouveaux Bilans Alimentaire";"221";"Oman";"5142";"Nourriture";"2520";"Céréales; Autres";"2017";"2017";"Milliers de tonnes";"1";"Im";"Données de la FAO basées sur une méthodologie d'imputation"
"FBS";"Nouveaux Bilans Alimentaire";"226";"Ouganda";"5521";"Aliments pour animaux";"2520";"Céréales; Autres";"2017";"2017";"Milliers de tonnes";"0";"Im";"Données de la FAO basées sur une méthodologie d'imputation"
"FBS";"Nouveaux Bilans Alimentaire";"226";"Ouganda";"5142";"Nourriture";"2520";"Céréales; Autres";"2017";"2017";"Milliers de tonnes";"30";"Im";"Données de la FAO basées sur une méthodologie d'imputation"
"FBS";"Nouveaux Bilans Alimentaire";"235";"Ouzbékistan";"5521";"Aliments pour animaux";"2520";"Céréales; Autres";"2017";"2017";"Milliers de tonnes";"0";"Im";"Données de la FAO basées sur une méthodologie d'imputation"
"FBS";"Nouveaux Bilans Alimentaire";"235";"Ouzbékistan";"5142";"Nourriture";"2520";"Céréales; Autres";"2017";"2017";"Milliers de tonnes";"1";"Im";"Données de la FAO basées sur une méthodologie d'imputation"
"FBS";"Nouveaux Bilans Alimentaire";"165";"Pakistan";"5521";"Aliments pour animaux";"2520";"Céréales; Autres";"2017";"2017";"Milliers de tonnes";"9";"Im";"Données de la FAO basées sur une méthodologie d'imputation"
"FBS";"Nouveaux Bilans Alimentaire";"165";"Pakistan";"5142";"Nourriture";"2520";"Céréales; Autres";"2017";"2017";"Milliers de tonnes";"36";"Im";"Données de la FAO basées sur une méthodologie d'imputation"
"FBS";"Nouveaux Bilans Alimentaire";"166";"Panama";"5521";"Aliments pour animaux";"2520";"Céréales; Autres";"2017";"2017";"Milliers de tonnes";"0";"Im";"Données de la FAO basées sur une méthodologie d'imputation"
"FBS";"Nouveaux Bilans Alimentaire";"166";"Panama";"5142";"Nourriture";"2520";"Céréales; Autres";"2017";"2017";"Milliers de tonnes";"1";"Im";"Données de la FAO basées sur une méthodologie d'imputation"
"FBS";"Nouveaux Bilans Alimentaire";"168";"Papouasie-Nouvelle-Guinée";"5521";"Aliments pour animaux";"2520";"Céréales; Autres";"2017";"2017";"Milliers de tonnes";"0";"Im";"Données de la FAO basées sur une méthodologie d'imputation"
"FBS";"Nouveaux Bilans Alimentaire";"168";"Papouasie-Nouvelle-Guinée";"5142";"Nourriture";"2520";"Céréales; Autres";"2017";"2017";"Milliers de tonnes";"1";"Im";"Données de la FAO basées sur une méthodologie d'imputation"
"FBS";"Nouveaux Bilans Alimentaire";"169";"Paraguay";"5521";"Aliments pour animaux";"2520";"Céréales; Autres";"2017";"2017";"Milliers de tonnes";"0";"Im";"Données de la FAO basées sur une méthodologie d'imputation"
"FBS";"Nouveaux Bilans Alimentaire";"169";"Paraguay";"5142";"Nourriture";"2520";"Céréales; Autres";"2017";"2017";"Milliers de tonnes";"1";"Im";"Données de la FAO basées sur une méthodologie d'imputation"
"FBS";"Nouveaux Bilans Alimentaire";"150";"Pays-Bas";"5521";"Aliments pour animaux";"2520";"Céréales; Autres";"2017";"2017";"Milliers de tonnes";"631";"Im";"Données de la FAO basées sur une méthodologie d'imputation"
"FBS";"Nouveaux Bilans Alimentaire";"150";"Pays-Bas";"5142";"Nourriture";"2520";"Céréales; Autres";"2017";"2017";"Milliers de tonnes";"184";"Im";"Données de la FAO basées sur une méthodologie d'imputation"
"FBS";"Nouveaux Bilans Alimentaire";"170";"Pérou";"5521";"Aliments pour animaux";"2520";"Céréales; Autres";"2017";"2017";"Milliers de tonnes";"3";"Im";"Données de la FAO basées sur une méthodologie d'imputation"
"FBS";"Nouveaux Bilans Alimentaire";"170";"Pérou";"5142";"Nourriture";"2520";"Céréales; Autres";"2017";"2017";"Milliers de tonnes";"38";"Im";"Données de la FAO basées sur une méthodologie d'imputation"
"FBS";"Nouveaux Bilans Alimentaire";"171";"Philippines";"5521";"Aliments pour animaux";"2520";"Céréales; Autres";"2017";"2017";"Milliers de tonnes";"1";"Im";"Données de la FAO basées sur une méthodologie d'imputation"
"FBS";"Nouveaux Bilans Alimentaire";"171";"Philippines";"5142";"Nourriture";"2520";"Céréales; Autres";"2017";"2017";"Milliers de tonnes";"9";"Im";"Données de la FAO basées sur une méthodologie d'imputation"
"FBS";"Nouveaux Bilans Alimentaire";"173";"Pologne";"5521";"Aliments pour animaux";"2520";"Céréales; Autres";"2017";"2017";"Milliers de tonnes";"6875";"Im";"Données de la FAO basées sur une méthodologie d'imputation"
"FBS";"Nouveaux Bilans Alimentaire";"173";"Pologne";"5142";"Nourriture";"2520";"Céréales; Autres";"2017";"2017";"Milliers de tonnes";"105";"Im";"Données de la FAO basées sur une méthodologie d'imputation"
"FBS";"Nouveaux Bilans Alimentaire";"70";"Polynésie française";"5521";"Aliments pour animaux";"2520";"Céréales; Autres";"2017";"2017";"Milliers de tonnes";"0";"Im";"Données de la FAO basées sur une méthodologie d'imputation"
"FBS";"Nouveaux Bilans Alimentaire";"70";"Polynésie française";"5142";"Nourriture";"2520";"Céréales; Autres";"2017";"2017";"Milliers de tonnes";"0";"Im";"Données de la FAO basées sur une méthodologie d'imputation"
"FBS";"Nouveaux Bilans Alimentaire";"174";"Portugal";"5521";"Aliments pour animaux";"2520";"Céréales; Autres";"2017";"2017";"Milliers de tonnes";"33";"Im";"Données de la FAO basées sur une méthodologie d'imputation"
"FBS";"Nouveaux Bilans Alimentaire";"174";"Portugal";"5142";"Nourriture";"2520";"Céréales; Autres";"2017";"2017";"Milliers de tonnes";"4";"Im";"Données de la FAO basées sur une méthodologie d'imputation"
"FBS";"Nouveaux Bilans Alimentaire";"37";"République centrafricaine";"5142";"Nourriture";"2520";"Céréales; Autres";"2017";"2017";"Milliers de tonnes";"0";"Im";"Données de la FAO basées sur une méthodologie d'imputation"
"FBS";"Nouveaux Bilans Alimentaire";"117";"République de Corée";"5521";"Aliments pour animaux";"2520";"Céréales; Autres";"2017";"2017";"Milliers de tonnes";"5";"Im";"Données de la FAO basées sur une méthodologie d'imputation"
"FBS";"Nouveaux Bilans Alimentaire";"117";"République de Corée";"5142";"Nourriture";"2520";"Céréales; Autres";"2017";"2017";"Milliers de tonnes";"14";"Im";"Données de la FAO basées sur une méthodologie d'imputation"
"FBS";"Nouveaux Bilans Alimentaire";"146";"République de Moldova";"5521";"Aliments pour animaux";"2520";"Céréales; Autres";"2017";"2017";"Milliers de tonnes";"10";"Im";"Données de la FAO basées sur une méthodologie d'imputation"
"FBS";"Nouveaux Bilans Alimentaire";"146";"République de Moldova";"5142";"Nourriture";"2520";"Céréales; Autres";"2017";"2017";"Milliers de tonnes";"5";"Im";"Données de la FAO basées sur une méthodologie d'imputation"
"FBS";"Nouveaux Bilans Alimentaire";"120";"République démocratique populaire lao";"5142";"Nourriture";"2520";"Céréales; Autres";"2017";"2017";"Milliers de tonnes";"2";"Im";"Données de la FAO basées sur une méthodologie d'imputation"
"FBS";"Nouveaux Bilans Alimentaire";"56";"République dominicaine";"5521";"Aliments pour animaux";"2520";"Céréales; Autres";"2017";"2017";"Milliers de tonnes";"1";"Im";"Données de la FAO basées sur une méthodologie d'imputation"
"FBS";"Nouveaux Bilans Alimentaire";"56";"République dominicaine";"5142";"Nourriture";"2520";"Céréales; Autres";"2017";"2017";"Milliers de tonnes";"0";"Im";"Données de la FAO basées sur une méthodologie d'imputation"
"FBS";"Nouveaux Bilans Alimentaire";"116";"République populaire démocratique de Corée";"5142";"Nourriture";"2520";"Céréales; Autres";"2017";"2017";"Milliers de tonnes";"0";"Im";"Données de la FAO basées sur une méthodologie d'imputation"
"FBS";"Nouveaux Bilans Alimentaire";"215";"République-Unie de Tanzanie";"5521";"Aliments pour animaux";"2520";"Céréales; Autres";"2017";"2017";"Milliers de tonnes";"17";"Im";"Données de la FAO basées sur une méthodologie d'imputation"
"FBS";"Nouveaux Bilans Alimentaire";"215";"République-Unie de Tanzanie";"5142";"Nourriture";"2520";"Céréales; Autres";"2017";"2017";"Milliers de tonnes";"27";"Im";"Données de la FAO basées sur une méthodologie d'imputation"
"FBS";"Nouveaux Bilans Alimentaire";"183";"Roumanie";"5521";"Aliments pour animaux";"2520";"Céréales; Autres";"2017";"2017";"Milliers de tonnes";"313";"Im";"Données de la FAO basées sur une méthodologie d'imputation"
"FBS";"Nouveaux Bilans Alimentaire";"183";"Roumanie";"5142";"Nourriture";"2520";"Céréales; Autres";"2017";"2017";"Milliers de tonnes";"17";"Im";"Données de la FAO basées sur une méthodologie d'imputation"
"FBS";"Nouveaux Bilans Alimentaire";"229";"Royaume-Uni de Grande-Bretagne et d'Irlande du Nord";"5521";"Aliments pour animaux";"2520";"Céréales; Autres";"2017";"2017";"Milliers de tonnes";"53";"Im";"Données de la FAO basées sur une méthodologie d'imputation"
"FBS";"Nouveaux Bilans Alimentaire";"229";"Royaume-Uni de Grande-Bretagne et d'Irlande du Nord";"5142";"Nourriture";"2520";"Céréales; Autres";"2017";"2017";"Milliers de tonnes";"9";"Im";"Données de la FAO basées sur une méthodologie d'imputation"
"FBS";"Nouveaux Bilans Alimentaire";"184";"Rwanda";"5521";"Aliments pour animaux";"2520";"Céréales; Autres";"2017";"2017";"Milliers de tonnes";"0";"Im";"Données de la FAO basées sur une méthodologie d'imputation"
"FBS";"Nouveaux Bilans Alimentaire";"184";"Rwanda";"5142";"Nourriture";"2520";"Céréales; Autres";"2017";"2017";"Milliers de tonnes";"0";"Im";"Données de la FAO basées sur une méthodologie d'imputation"
"FBS";"Nouveaux Bilans Alimentaire";"189";"Sainte-Lucie";"5521";"Aliments pour animaux";"2520";"Céréales; Autres";"2017";"2017";"Milliers de tonnes";"0";"Im";"Données de la FAO basées sur une méthodologie d'imputation"
"FBS";"Nouveaux Bilans Alimentaire";"189";"Sainte-Lucie";"5142";"Nourriture";"2520";"Céréales; Autres";"2017";"2017";"Milliers de tonnes";"0";"Im";"Données de la FAO basées sur une méthodologie d'imputation"
"FBS";"Nouveaux Bilans Alimentaire";"188";"Saint-Kitts-et-Nevis";"5521";"Aliments pour animaux";"2520";"Céréales; Autres";"2017";"2017";"Milliers de tonnes";"0";"Im";"Données de la FAO basées sur une méthodologie d'imputation"
"FBS";"Nouveaux Bilans Alimentaire";"188";"Saint-Kitts-et-Nevis";"5142";"Nourriture";"2520";"Céréales; Autres";"2017";"2017";"Milliers de tonnes";"0";"Im";"Données de la FAO basées sur une méthodologie d'imputation"
"FBS";"Nouveaux Bilans Alimentaire";"191";"Saint-Vincent-et-les Grenadines";"5521";"Aliments pour animaux";"2520";"Céréales; Autres";"2017";"2017";"Milliers de tonnes";"0";"Im";"Données de la FAO basées sur une méthodologie d'imputation"
"FBS";"Nouveaux Bilans Alimentaire";"191";"Saint-Vincent-et-les Grenadines";"5142";"Nourriture";"2520";"Céréales; Autres";"2017";"2017";"Milliers de tonnes";"0";"Im";"Données de la FAO basées sur une méthodologie d'imputation"
"FBS";"Nouveaux Bilans Alimentaire";"244";"Samoa";"5521";"Aliments pour animaux";"2520";"Céréales; Autres";"2017";"2017";"Milliers de tonnes";"0";"Im";"Données de la FAO basées sur une méthodologie d'imputation"
"FBS";"Nouveaux Bilans Alimentaire";"244";"Samoa";"5142";"Nourriture";"2520";"Céréales; Autres";"2017";"2017";"Milliers de tonnes";"0";"Im";"Données de la FAO basées sur une méthodologie d'imputation"
"FBS";"Nouveaux Bilans Alimentaire";"193";"Sao Tomé-et-Principe";"5142";"Nourriture";"2520";"Céréales; Autres";"2017";"2017";"Milliers de tonnes";"0";"Im";"Données de la FAO basées sur une méthodologie d'imputation"
"FBS";"Nouveaux Bilans Alimentaire";"195";"Sénégal";"5521";"Aliments pour animaux";"2520";"Céréales; Autres";"2017";"2017";"Milliers de tonnes";"0";"Im";"Données de la FAO basées sur une méthodologie d'imputation"
"FBS";"Nouveaux Bilans Alimentaire";"195";"Sénégal";"5142";"Nourriture";"2520";"Céréales; Autres";"2017";"2017";"Milliers de tonnes";"2";"Im";"Données de la FAO basées sur une méthodologie d'imputation"
"FBS";"Nouveaux Bilans Alimentaire";"272";"Serbie";"5521";"Aliments pour animaux";"2520";"Céréales; Autres";"2017";"2017";"Milliers de tonnes";"101";"Im";"Données de la FAO basées sur une méthodologie d'imputation"
"FBS";"Nouveaux Bilans Alimentaire";"272";"Serbie";"5142";"Nourriture";"2520";"Céréales; Autres";"2017";"2017";"Milliers de tonnes";"24";"Im";"Données de la FAO basées sur une méthodologie d'imputation"
"FBS";"Nouveaux Bilans Alimentaire";"197";"Sierra Leone";"5521";"Aliments pour animaux";"2520";"Céréales; Autres";"2017";"2017";"Milliers de tonnes";"0";"Im";"Données de la FAO basées sur une méthodologie d'imputation"
"FBS";"Nouveaux Bilans Alimentaire";"197";"Sierra Leone";"5142";"Nourriture";"2520";"Céréales; Autres";"2017";"2017";"Milliers de tonnes";"10";"Im";"Données de la FAO basées sur une méthodologie d'imputation"
"FBS";"Nouveaux Bilans Alimentaire";"199";"Slovaquie";"5521";"Aliments pour animaux";"2520";"Céréales; Autres";"2017";"2017";"Milliers de tonnes";"29";"Im";"Données de la FAO basées sur une méthodologie d'imputation"
"FBS";"Nouveaux Bilans Alimentaire";"199";"Slovaquie";"5142";"Nourriture";"2520";"Céréales; Autres";"2017";"2017";"Milliers de tonnes";"6";"Im";"Données de la FAO basées sur une méthodologie d'imputation"
"FBS";"Nouveaux Bilans Alimentaire";"198";"Slovénie";"5521";"Aliments pour animaux";"2520";"Céréales; Autres";"2017";"2017";"Milliers de tonnes";"30";"Im";"Données de la FAO basées sur une méthodologie d'imputation"
"FBS";"Nouveaux Bilans Alimentaire";"198";"Slovénie";"5142";"Nourriture";"2520";"Céréales; Autres";"2017";"2017";"Milliers de tonnes";"4";"Im";"Données de la FAO basées sur une méthodologie d'imputation"
"FBS";"Nouveaux Bilans Alimentaire";"276";"Soudan";"5521";"Aliments pour animaux";"2520";"Céréales; Autres";"2017";"2017";"Milliers de tonnes";"0";"Im";"Données de la FAO basées sur une méthodologie d'imputation"
"FBS";"Nouveaux Bilans Alimentaire";"276";"Soudan";"5142";"Nourriture";"2520";"Céréales; Autres";"2017";"2017";"Milliers de tonnes";"1";"Im";"Données de la FAO basées sur une méthodologie d'imputation"
"FBS";"Nouveaux Bilans Alimentaire";"38";"Sri Lanka";"5521";"Aliments pour animaux";"2520";"Céréales; Autres";"2017";"2017";"Milliers de tonnes";"0";"Im";"Données de la FAO basées sur une méthodologie d'imputation"
"FBS";"Nouveaux Bilans Alimentaire";"38";"Sri Lanka";"5142";"Nourriture";"2520";"Céréales; Autres";"2017";"2017";"Milliers de tonnes";"0";"Im";"Données de la FAO basées sur une méthodologie d'imputation"
"FBS";"Nouveaux Bilans Alimentaire";"210";"Suède";"5521";"Aliments pour animaux";"2520";"Céréales; Autres";"2017";"2017";"Milliers de tonnes";"187";"Im";"Données de la FAO basées sur une méthodologie d'imputation"
"FBS";"Nouveaux Bilans Alimentaire";"210";"Suède";"5142";"Nourriture";"2520";"Céréales; Autres";"2017";"2017";"Milliers de tonnes";"2";"Im";"Données de la FAO basées sur une méthodologie d'imputation"
"FBS";"Nouveaux Bilans Alimentaire";"211";"Suisse";"5521";"Aliments pour animaux";"2520";"Céréales; Autres";"2017";"2017";"Milliers de tonnes";"53";"Im";"Données de la FAO basées sur une méthodologie d'imputation"
"FBS";"Nouveaux Bilans Alimentaire";"211";"Suisse";"5142";"Nourriture";"2520";"Céréales; Autres";"2017";"2017";"Milliers de tonnes";"8";"Im";"Données de la FAO basées sur une méthodologie d'imputation"
"FBS";"Nouveaux Bilans Alimentaire";"207";"Suriname";"5521";"Aliments pour animaux";"2520";"Céréales; Autres";"2017";"2017";"Milliers de tonnes";"0";"Im";"Données de la FAO basées sur une méthodologie d'imputation"
"FBS";"Nouveaux Bilans Alimentaire";"207";"Suriname";"5142";"Nourriture";"2520";"Céréales; Autres";"2017";"2017";"Milliers de tonnes";"0";"Im";"Données de la FAO basées sur une méthodologie d'imputation"
"FBS";"Nouveaux Bilans Alimentaire";"208";"Tadjikistan";"5142";"Nourriture";"2520";"Céréales; Autres";"2017";"2017";"Milliers de tonnes";"0";"Im";"Données de la FAO basées sur une méthodologie d'imputation"
"FBS";"Nouveaux Bilans Alimentaire";"39";"Tchad";"5521";"Aliments pour animaux";"2520";"Céréales; Autres";"2017";"2017";"Milliers de tonnes";"6";"Im";"Données de la FAO basées sur une méthodologie d'imputation"
"FBS";"Nouveaux Bilans Alimentaire";"39";"Tchad";"5142";"Nourriture";"2520";"Céréales; Autres";"2017";"2017";"Milliers de tonnes";"411";"Im";"Données de la FAO basées sur une méthodologie d'imputation"
"FBS";"Nouveaux Bilans Alimentaire";"167";"Tchéquie";"5521";"Aliments pour animaux";"2520";"Céréales; Autres";"2017";"2017";"Milliers de tonnes";"142";"Im";"Données de la FAO basées sur une méthodologie d'imputation"
"FBS";"Nouveaux Bilans Alimentaire";"167";"Tchéquie";"5142";"Nourriture";"2520";"Céréales; Autres";"2017";"2017";"Milliers de tonnes";"13";"Im";"Données de la FAO basées sur une méthodologie d'imputation"
"FBS";"Nouveaux Bilans Alimentaire";"216";"Thaïlande";"5521";"Aliments pour animaux";"2520";"Céréales; Autres";"2017";"2017";"Milliers de tonnes";"50";"Im";"Données de la FAO basées sur une méthodologie d'imputation"
"FBS";"Nouveaux Bilans Alimentaire";"216";"Thaïlande";"5142";"Nourriture";"2520";"Céréales; Autres";"2017";"2017";"Milliers de tonnes";"32";"Im";"Données de la FAO basées sur une méthodologie d'imputation"
"FBS";"Nouveaux Bilans Alimentaire";"176";"Timor-Leste";"5521";"Aliments pour animaux";"2520";"Céréales; Autres";"2017";"2017";"Milliers de tonnes";"0";"Im";"Données de la FAO basées sur une méthodologie d'imputation"
"FBS";"Nouveaux Bilans Alimentaire";"176";"Timor-Leste";"5142";"Nourriture";"2520";"Céréales; Autres";"2017";"2017";"Milliers de tonnes";"0";"Im";"Données de la FAO basées sur une méthodologie d'imputation"
"FBS";"Nouveaux Bilans Alimentaire";"217";"Togo";"5521";"Aliments pour animaux";"2520";"Céréales; Autres";"2017";"2017";"Milliers de tonnes";"0";"Im";"Données de la FAO basées sur une méthodologie d'imputation"
"FBS";"Nouveaux Bilans Alimentaire";"217";"Togo";"5142";"Nourriture";"2520";"Céréales; Autres";"2017";"2017";"Milliers de tonnes";"3";"Im";"Données de la FAO basées sur une méthodologie d'imputation"
"FBS";"Nouveaux Bilans Alimentaire";"220";"Trinité-et-Tobago";"5521";"Aliments pour animaux";"2520";"Céréales; Autres";"2017";"2017";"Milliers de tonnes";"0";"Im";"Données de la FAO basées sur une méthodologie d'imputation"
"FBS";"Nouveaux Bilans Alimentaire";"220";"Trinité-et-Tobago";"5142";"Nourriture";"2520";"Céréales; Autres";"2017";"2017";"Milliers de tonnes";"5";"Im";"Données de la FAO basées sur une méthodologie d'imputation"
"FBS";"Nouveaux Bilans Alimentaire";"222";"Tunisie";"5521";"Aliments pour animaux";"2520";"Céréales; Autres";"2017";"2017";"Milliers de tonnes";"45";"Im";"Données de la FAO basées sur une méthodologie d'imputation"
"FBS";"Nouveaux Bilans Alimentaire";"222";"Tunisie";"5142";"Nourriture";"2520";"Céréales; Autres";"2017";"2017";"Milliers de tonnes";"9";"Im";"Données de la FAO basées sur une méthodologie d'imputation"
"FBS";"Nouveaux Bilans Alimentaire";"213";"Turkménistan";"5521";"Aliments pour animaux";"2520";"Céréales; Autres";"2017";"2017";"Milliers de tonnes";"6";"Im";"Données de la FAO basées sur une méthodologie d'imputation"
"FBS";"Nouveaux Bilans Alimentaire";"213";"Turkménistan";"5142";"Nourriture";"2520";"Céréales; Autres";"2017";"2017";"Milliers de tonnes";"0";"Im";"Données de la FAO basées sur une méthodologie d'imputation"
"FBS";"Nouveaux Bilans Alimentaire";"223";"Turquie";"5521";"Aliments pour animaux";"2520";"Céréales; Autres";"2017";"2017";"Milliers de tonnes";"146";"Im";"Données de la FAO basées sur une méthodologie d'imputation"
"FBS";"Nouveaux Bilans Alimentaire";"223";"Turquie";"5142";"Nourriture";"2520";"Céréales; Autres";"2017";"2017";"Milliers de tonnes";"0";"Im";"Données de la FAO basées sur une méthodologie d'imputation"
"FBS";"Nouveaux Bilans Alimentaire";"230";"Ukraine";"5521";"Aliments pour animaux";"2520";"Céréales; Autres";"2017";"2017";"Milliers de tonnes";"9";"Im";"Données de la FAO basées sur une méthodologie d'imputation"
"FBS";"Nouveaux Bilans Alimentaire";"230";"Ukraine";"5142";"Nourriture";"2520";"Céréales; Autres";"2017";"2017";"Milliers de tonnes";"185";"Im";"Données de la FAO basées sur une méthodologie d'imputation"
"FBS";"Nouveaux Bilans Alimentaire";"234";"Uruguay";"5521";"Aliments pour animaux";"2520";"Céréales; Autres";"2017";"2017";"Milliers de tonnes";"16";"Im";"Données de la FAO basées sur une méthodologie d'imputation"
"FBS";"Nouveaux Bilans Alimentaire";"234";"Uruguay";"5142";"Nourriture";"2520";"Céréales; Autres";"2017";"2017";"Milliers de tonnes";"4";"Im";"Données de la FAO basées sur une méthodologie d'imputation"
"FBS";"Nouveaux Bilans Alimentaire";"155";"Vanuatu";"5521";"Aliments pour animaux";"2520";"Céréales; Autres";"2017";"2017";"Milliers de tonnes";"0";"Im";"Données de la FAO basées sur une méthodologie d'imputation"
"FBS";"Nouveaux Bilans Alimentaire";"155";"Vanuatu";"5142";"Nourriture";"2520";"Céréales; Autres";"2017";"2017";"Milliers de tonnes";"0";"Im";"Données de la FAO basées sur une méthodologie d'imputation"
"FBS";"Nouveaux Bilans Alimentaire";"236";"Venezuela (République bolivarienne du)";"5521";"Aliments pour animaux";"2520";"Céréales; Autres";"2017";"2017";"Milliers de tonnes";"0";"Im";"Données de la FAO basées sur une méthodologie d'imputation"
"FBS";"Nouveaux Bilans Alimentaire";"236";"Venezuela (République bolivarienne du)";"5142";"Nourriture";"2520";"Céréales; Autres";"2017";"2017";"Milliers de tonnes";"0";"Im";"Données de la FAO basées sur une méthodologie d'imputation"
"FBS";"Nouveaux Bilans Alimentaire";"237";"Viet Nam";"5521";"Aliments pour animaux";"2520";"Céréales; Autres";"2017";"2017";"Milliers de tonnes";"0";"Im";"Données de la FAO basées sur une méthodologie d'imputation"
"FBS";"Nouveaux Bilans Alimentaire";"237";"Viet Nam";"5142";"Nourriture";"2520";"Céréales; Autres";"2017";"2017";"Milliers de tonnes";"0";"Im";"Données de la FAO basées sur une méthodologie d'imputation"
"FBS";"Nouveaux Bilans Alimentaire";"249";"Yémen";"5521";"Aliments pour animaux";"2520";"Céréales; Autres";"2017";"2017";"Milliers de tonnes";"1";"Im";"Données de la FAO basées sur une méthodologie d'imputation"
"FBS";"Nouveaux Bilans Alimentaire";"249";"Yémen";"5142";"Nourriture";"2520";"Céréales; Autres";"2017";"2017";"Milliers de tonnes";"0";"Im";"Données de la FAO basées sur une méthodologie d'imputation"
"FBS";"Nouveaux Bilans Alimentaire";"251";"Zambie";"5521";"Aliments pour animaux";"2520";"Céréales; Autres";"2017";"2017";"Milliers de tonnes";"0";"Im";"Données de la FAO basées sur une méthodologie d'imputation"
"FBS";"Nouveaux Bilans Alimentaire";"251";"Zambie";"5142";"Nourriture";"2520";"Céréales; Autres";"2017";"2017";"Milliers de tonnes";"6";"Im";"Données de la FAO basées sur une méthodologie d'imputation"
"FBS";"Nouveaux Bilans Alimentaire";"181";"Zimbabwe";"5521";"Aliments pour animaux";"2520";"Céréales; Autres";"2017";"2017";"Milliers de tonnes";"0";"Im";"Données de la FAO basées sur une méthodologie d'imputation"
"FBS";"Nouveaux Bilans Alimentaire";"181";"Zimbabwe";"5142";"Nourriture";"2520";"Céréales; Autres";"2017";"2017";"Milliers de tonnes";"3";"Im";"Données de la FAO basées sur une méthodologie d'imputation"
